keys,en,ru
ITEM_COPPER,Copper,Медь
ITEM_LEAD,Lead,Свинец
ITEM_COAL,Coal,Уголь
ITEM_SAND,Sand,Песок
ITEM_TITANIUM,Titanium,Титан
ITEM_STONE,Stone,Камень
ITEM_CRUSHED_ROCK,Crushed rock,Дроблёная порода
ITEM_GRAPHITE,Graphite,Графит
ITEM_SILICON,Silicon,Кремний
ITEM_METAGLASS,Metaglass,Металлостекло
ITEM_ALLOY,Alloy,Сплав
FLOOR_STONE,Stone,Камень
FLOOR_DARK_STONE,Dark stone,Тёмный камень
FLOOR_GRAVEL,Gravel,Гравий
FLOOR_METAL_PLATES,Metal plates,Металлические плиты
FLOOR_ROCK,Rock wall,Скала
ORE_COPPER,Copper ore,Медная руда
ORE_LEAD,Lead ore,Свинцовая руда
ORE_COAL,Coal deposit,Залежь угля
ORE_SAND,Sand deposit,Залежь песка
ORE_TITANIUM,Titanium ore,Титановая руда
ORE_STONE,Stone deposit,Залежь камня
CATEGORY_EXTRACTION,Mining,Добыча
CATEGORY_TRANSPORT,Transport,Транспорт
CATEGORY_PRODUCTION,Production,Производство
CATEGORY_STORAGE,Storage,Хранение
BUILD_MENU_HINT,Pick a building to place it.,"Выберите здание, чтобы построить его."
BUILDING_MECHANICAL_DRILL,Mechanical Drill,Механический бур
BUILDING_MECHANICAL_DRILL_DESC,"Mines the ore underneath. Speed depends on ore tile count and hardness. Tier 2: sand, copper, lead, coal, stone.","Добывает руду под собой. Скорость зависит от числа тайлов руды и её твёрдости. Уровень 2: песок, медь, свинец, уголь, камень."
BUILDING_PNEUMATIC_DRILL,Pneumatic Drill,Пневматический бур
BUILDING_PNEUMATIC_DRILL_DESC,Faster than the mechanical drill and can mine titanium.,Быстрее механического и умеет добывать титан.
BUILDING_CONVEYOR,Conveyor,Конвейер
BUILDING_CONVEYOR_DESC,Moves items forward. Drag with the mouse to build a line.,"Перевозит предметы. Протяните мышью, чтобы построить линию."
BUILDING_TITANIUM_CONVEYOR,Titanium Conveyor,Титановый конвейер
BUILDING_TITANIUM_CONVEYOR_DESC,A faster belt with higher throughput.,Быстрая лента с большей пропускной способностью.
BUILDING_JUNCTION,Junction,Перекрёсток
BUILDING_JUNCTION_DESC,Lets two crossing flows pass through without mixing.,"Пропускает два пересекающихся потока насквозь, не смешивая их."
BUILDING_ROUTER,Router,Делитель
BUILDING_ROUTER_DESC,Distributes items to all sides in turn.,Раздаёт предметы по очереди во все стороны.
BUILDING_SORTER,Sorter,Сортировщик
BUILDING_SORTER_DESC,"The selected item goes straight, everything else goes to the sides.","Выбранный предмет проходит прямо, остальные уходят в стороны."
BUILDING_INVERTED_SORTER,Inverted Sorter,Инвертированный сортировщик
BUILDING_INVERTED_SORTER_DESC,"The selected item goes to the sides, everything else goes straight.","Выбранный предмет уходит в стороны, остальные проходят прямо."
BUILDING_OVERFLOW_GATE,Overflow Valve,Переливной клапан
BUILDING_OVERFLOW_GATE_DESC,"Outputs forward; when the front is blocked, outputs to the sides.","Отдаёт вперёд, а когда впереди занято — в стороны."
BUILDING_UNDERFLOW_GATE,Underflow Valve,Обратный клапан
BUILDING_UNDERFLOW_GATE_DESC,"Outputs to the sides; when they are blocked, outputs forward.","Отдаёт в стороны, а когда там занято — вперёд."
BUILDING_BRIDGE_CONVEYOR,Bridge Conveyor,Мостовой конвейер
BUILDING_BRIDGE_CONVEYOR_DESC,Carries items over other buildings to a linked bridge up to 4 tiles away. Bridges placed in a row link automatically.,"Переносит предметы над постройками к связанному мосту на расстоянии до 4 тайлов. Мосты, поставленные в ряд, связываются сами."
BUILDING_UNLOADER,Unloader,Разгрузчик
BUILDING_UNLOADER_DESC,Takes items out of an adjacent storage.,Достаёт предметы из соседнего склада.
BUILDING_PULVERIZER,Pulverizer,Дробилка
BUILDING_PULVERIZER_DESC,Crushes stone into crushed rock.,Дробит камень в дроблёную породу.
BUILDING_GRAPHITE_PRESS,Graphite Press,Графитовый пресс
BUILDING_GRAPHITE_PRESS_DESC,Presses coal into graphite.,Прессует уголь в графит.
BUILDING_SILICON_SMELTER,Silicon Smelter,Кремниевый плавильный завод
BUILDING_SILICON_SMELTER_DESC,Smelts sand and coal into silicon.,Плавит песок с углём в кремний.
BUILDING_KILN,Kiln,Печь
BUILDING_KILN_DESC,Fuses sand and lead into metaglass.,Спекает песок и свинец в металлостекло.
BUILDING_SEPARATOR,Separator,Сепаратор
BUILDING_SEPARATOR_DESC,Separates crushed rock into random ores.,Разделяет дроблёную породу на случайные руды.
BUILDING_ALLOY_MIXER,Alloy Mixer,Смеситель сплава
BUILDING_ALLOY_MIXER_DESC,"Mixes copper, lead and titanium into alloy.","Смешивает медь, свинец и титан в сплав."
BUILDING_CONTAINER,Container,Контейнер
BUILDING_CONTAINER_DESC,"A small storage with 16 slots. Belts load it from any side, unloaders take items out.","Небольшой склад на 16 ячеек. Ленты загружают его с любой стороны, разгрузчики достают предметы."
BUILDING_VAULT,Vault,Хранилище
BUILDING_VAULT_DESC,A large storage with 48 slots.,Большой склад на 48 ячеек.
LEVEL_FIRST_STEPS_TITLE,First Steps,Первые шаги
LEVEL_FIRST_STEPS_DESC,"A small valley: copper, lead and sand next to the landing site, coal and stone a bit further, titanium behind a rocky ridge.","Небольшая долина: медь, свинец и песок рядом с местом посадки, уголь и камень чуть дальше, титан — за скалистым гребнем."
LEVEL_RIFT_TITLE,The Rift,Разлом
LEVEL_RIFT_DESC,"A long canyon with scattered deposits. Resources lie far apart, so expect long conveyor lines.",Длинный каньон с россыпью месторождений. Ресурсы лежат далеко друг от друга — придётся тянуть длинные линии.
MENU_SUBTITLE,Automation. Logistics. Optimization.,Автоматизация. Логистика. Оптимизация.
MENU_PLAY,Play,Играть
MENU_LOAD,Load,Загрузить
MENU_SETTINGS,Settings,Настройки
MENU_QUIT,Quit,Выход
TOOLTIP_SAVES_LATER,Saving is not available yet.,Сохранения пока недоступны.
LEVELS_TITLE,Choose a level,Выбор уровня
LEVELS_START,Start,Начать
LEVELS_EMPTY,No levels found,Уровни не найдены
LEVELS_SIZE,Map size: %d × %d,Размер карты: %d × %d
PAUSE_TITLE,Paused,Пауза
PAUSE_RESUME,Resume,Продолжить
PAUSE_SAVE,Save,Сохранить
PAUSE_EXIT_TO_MENU,Exit to main menu,Выйти в главное меню
SETTINGS_TITLE,Settings,Настройки
SETTINGS_TAB_GRAPHICS,Graphics,Графика
SETTINGS_TAB_GAME,Game,Игра
SETTINGS_TAB_CONTROLS,Controls,Управление
SETTINGS_TAB_AUDIO,Audio,Звук
SETTINGS_RESET_TAB,Reset tab,Сбросить вкладку
SETTINGS_BACK,Back,Назад
SET_WINDOW_MODE,Window mode,Режим окна
SET_WINDOW_WINDOWED,Windowed,Оконный
SET_WINDOW_BORDERLESS,Borderless fullscreen,Полноэкранный без рамки
SET_WINDOW_EXCLUSIVE,Exclusive fullscreen,Эксклюзивный полноэкранный
SET_RESOLUTION,Window size,Размер окна
SET_RESOLUTION_HINT,Only applies in windowed mode.,Применяется только в оконном режиме.
SET_VSYNC,V-Sync,Вертикальная синхронизация
SET_VSYNC_OFF,Off,Выключена
SET_VSYNC_ON,On,Включена
SET_VSYNC_ADAPTIVE,Adaptive,Адаптивная
SET_VSYNC_HINT,Turning V-Sync off can raise FPS but may cause screen tearing.,"Отключение может поднять FPS, но возможны разрывы изображения."
SET_MAX_FPS,FPS limit,Ограничение FPS
SET_FPS_UNLIMITED,Unlimited,Без ограничения
SET_SMOOTH_TEXTURES,Smooth textures,Сглаживание текстур
SET_SMOOTH_TEXTURES_HINT,Off keeps pixel art crisp.,Выключено — пиксель-арт остаётся чётким.
SET_SHOW_FPS,Show FPS,Показывать FPS
SET_LANGUAGE,Language,Язык
SET_UI_SCALE,Interface scale,Масштаб интерфейса
SET_UI_SCALE_HINT,Applied when you release the slider.,"Применяется, когда отпускаете ползунок."
SET_ZOOM_SPEED,Zoom speed,Скорость масштабирования
SET_SMOOTH_ZOOM,Smooth zoom,Плавный зум
SET_SHOW_GRID,Show grid,Показывать сетку
SET_CONFIRM_MASS_DELETE,Confirm mass demolition,Подтверждать массовый снос
SET_CONFIRM_MASS_DELETE_HINT,Asks before removing many buildings at once.,Спрашивать перед сносом большого числа построек.
SET_AUTOSAVE,Autosave,Автосохранение
SET_AUTOSAVE_OFF,Off,Выключено
SET_AUTOSAVE_2,Every 2 minutes,Каждые 2 минуты
SET_AUTOSAVE_5,Every 5 minutes,Каждые 5 минут
SET_AUTOSAVE_10,Every 10 minutes,Каждые 10 минут
SET_AUTOSAVE_HINT,Will become available together with saving.,Заработает вместе с сохранениями.
SET_VOLUME_MASTER,Master volume,Общая громкость
SET_VOLUME_MUSIC,Music,Музыка
SET_VOLUME_SFX,Effects,Эффекты
SET_AUDIO_NOTE,There are no sounds in the game yet; volume will apply once they appear.,"Звуков в игре пока нет — громкость применится, когда они появятся."
CONTROLS_HINT,Click a slot and press a key or mouse button. Esc cancels. A key already used by another action is moved.,"Нажмите на слот, затем клавишу или кнопку мыши. Esc — отмена. Клавиша, занятая другим действием, будет перенесена."
CONTROLS_CLEAR,Clear,Очистить
CONTROLS_RESET,Reset controls,Сбросить управление
CONTROLS_RESET_DONE,Controls reset to defaults.,Управление сброшено к значениям по умолчанию.
CONTROLS_PRESS_KEY,Press a key…,Нажмите клавишу…
CONTROLS_CONFLICT,«%s» was removed from: %s,«%s» снято с действий: %s
INPUT_GROUP_CAMERA,Camera,Камера
INPUT_GROUP_BUILD,Building,Строительство
INPUT_GROUP_VIEW,View,Вид
ACTION_CAM_PAN,Look around (drag),Осмотреться (перетаскивание)
ACTION_ZOOM_IN,Zoom in,Приблизить
ACTION_ZOOM_OUT,Zoom out,Отдалить
ACTION_CAM_HOME,Camera back to drone,Камера к дрону
ACTION_BUILD_PRIMARY,Build / select,Строить / выбрать
ACTION_ROTATE,Rotate,Поворот
ACTION_PIPETTE,Pipette,Пипетка
ACTION_CANCEL,Cancel / menu,Отмена / меню
ACTION_OVERLAY_ORES,Resource map,Карта ресурсов
ACTION_TOGGLE_GRID,Toggle grid,Сетка
ACTION_TOGGLE_DEBUG,Debug info,Отладочная информация
MOUSE_LEFT,LMB,ЛКМ
MOUSE_RIGHT,RMB,ПКМ
MOUSE_MIDDLE,MMB,СКМ
MOUSE_WHEEL_UP,Wheel up,Колесо вверх
MOUSE_WHEEL_DOWN,Wheel down,Колесо вниз
MOUSE_WHEEL_LEFT,Wheel left,Колесо влево
MOUSE_WHEEL_RIGHT,Wheel right,Колесо вправо
MOUSE_BUTTON_N,Mouse button %d,Кнопка мыши %d
HUD_ORE_LEGEND,Resource map,Карта ресурсов
HUD_MENU,Menu,Меню
HUD_INFO_OUT_OF_MAP,Outside the map,За пределами карты
HUD_INFO_TILE,X: %d   Y: %d,X: %d   Y: %d
HUD_INFO_FLOOR,Floor: %s,Пол: %s
HUD_INFO_UNBUILDABLE,(not buildable),(строить нельзя)
HUD_INFO_ORE,"Ore: %s, hardness %d","Руда: %s, твёрдость %d"
HUD_INFO_NO_ORE,No ore,Руды нет
HUD_INFO_BUILDING,Building: %s,Здание: %s
HINT_PLACE,%s  ·  %s — place (hold to drag a line)  ·  %s — rotate  ·  RMB or %s — cancel,%s  ·  %s — поставить (с зажатием — линией)  ·  %s — поворот  ·  ПКМ или %s — отмена
HINT_IDLE,"%s — fly  ·  %s on ore — mine, on a building — open  ·  %s — inventory and crafting  ·  hold %s — select area  ·  %s — demolish hovered  ·  %s — rotate  ·  %s — pipette","%s — полёт  ·  %s по руде — добыча, по зданию — окно  ·  %s — инвентарь и крафт  ·  %s с зажатием — выделение  ·  %s — снести под курсором  ·  %s — повернуть  ·  %s — пипетка"
CONFIRM_TITLE,Confirmation,Подтверждение
CONFIRM_DELETE_OK,Demolish,Снести
CONFIRM_CANCEL,Cancel,Отмена
CONFIRM_MASS_DELETE,Demolish %d buildings?,Снести построек: %d?
TOAST_PIPETTE_UNAVAILABLE,«%s» cannot be copied with the pipette,«%s» нельзя скопировать пипеткой
TOAST_LEVEL_LOAD_FAILED,Failed to load level «%s»,Не удалось загрузить уровень «%s»
STAT_THROUGHPUT,Throughput: %.1f items/s,Пропускная способность: %.1f предм./с
STAT_DRILL_TIER,Tier %d: %s,Уровень %d: %s
STAT_DRILL_SPEED,Fully on hardness-1 ore: %.2f items/s,На руде твёрдости 1 целиком: %.2f предм./с
INFO_CONVEYOR_ITEMS,Items on belt: %d / %d,Предметов на ленте: %d / %d
INFO_DRILL_NO_ORE,No suitable ore,Нет подходящей руды
INFO_DRILL_ORE,Mining: %s (%d of %d tiles),Добывает: %s (%d из %d тайлов)
INFO_RATE,Rate: %.2f items/s,Скорость: %.2f предм./с
INFO_BUFFER,Buffer: %d / %d,Буфер: %d / %d
INFO_OUTPUT_BLOCKED,Output blocked,Выход забит
HUD_PAUSED,PAUSED,ПАУЗА
PROBLEM_NO_ORE,No suitable ore under the drill,Под буром нет подходящей руды
PROBLEM_BAD_TERRAIN,Cannot build here,Здесь нельзя строить
PROBLEM_OCCUPIED,The place is occupied,Место занято
PROBLEM_OUT_OF_BOUNDS,Outside the map,За пределами карты
INPUT_GROUP_TIME,Time,Время
ACTION_PAUSE,Pause,Пауза
ACTION_SPEED_1,Speed ×1,Скорость ×1
ACTION_SPEED_2,Speed ×2,Скорость ×2
ACTION_SPEED_3,Speed ×4,Скорость ×4
STAT_BRIDGE_RANGE,Range: %d tiles,Дальность: %d тайла
STAT_TRANSFER_TIME,Delay: %.2f s,Задержка: %.2f с
INFO_FILTER,Filter: %s,Фильтр: %s
INFO_FILTER_NONE,No filter selected,Фильтр не выбран
INFO_FILTER_ANY,Unloads any items,Выгружает любые предметы
INFO_EMPTY,Empty,Пусто
INFO_HOLDING,Holding: %s,Держит: %s
INFO_BUFFERED,Buffered: %d,В буфере: %d
INFO_BRIDGE_LINKED,Linked to a bridge %d tiles away,Связан с мостом через %d тайла
INFO_BRIDGE_END,End of chain: outputs to neighbours,Конец цепочки: отдаёт соседям
CONFIG_SORTER_HINT,Choose the filter item.,Выберите предмет для фильтра.
CONFIG_UNLOADER_HINT,Choose what to take from the adjacent storage.,"Выберите, что забирать из соседнего хранилища."
CONFIG_NO_ITEM,No filter,Без фильтра
CONFIG_ANY_ITEM,Any items,Любые предметы
CONFIG_BRIDGE_HINT,Click another bridge within %d tiles in a straight line to link. Click a linked bridge again to unlink.,"Кликните по другому мосту в пределах %d тайлов по прямой, чтобы связать. Повторный клик по связанному мосту разрывает связь."
CONFIG_BRIDGE_UNLINK,Unlink,Разорвать связь
ACTION_OVERLAY_BELTS,Belt load,Загрузка лент
HUD_BELT_LEGEND,Belt load,Загрузка лент
HUD_BELT_EMPTY,Empty,Пустая
HUD_BELT_FLOWING,Flowing,Поток
HUD_BELT_DENSE,Dense flow,Плотный поток
HUD_BELT_BLOCKED,Stopped (jam),Стоит (затор)
ACTION_SELECT_AREA,Select area (hold),Выделение области (с зажатием)
ACTION_DELETE_SELECTION,Demolish selection / hovered,Снести выделенное / под курсором
ACTION_COPY_SELECTION,Copy selection,Копировать выделенное
HINT_AREA,Selected buildings: %d  ·  %s — demolish  ·  %s — copy  ·  %s or %s — clear selection,Выделено построек: %d  ·  %s — снести  ·  %s — копировать  ·  %s или %s — снять выделение
HINT_PASTE,Paste (%d buildings)  ·  %s — place  ·  %s — rotate  ·  %s or %s — cancel,Вставка (%d построек)  ·  %s — поставить  ·  %s — повернуть  ·  %s или %s — отмена
TOAST_COPIED,Copied buildings: %d,Скопировано построек: %d
STAT_RECIPE_IN,Input: %s,Вход: %s
STAT_RECIPE_OUT,Output: %s,Выход: %s
STAT_RECIPE_TIME,Cycle: %.1f s,Цикл: %.1f с
INFO_INPUTS,Input: %s,Вход: %s
INFO_OUTPUTS,Output: %s,Выход: %s
TOOLTIP_CRAFT_TIME,%.1f s,%.1f с
STATUS_WORKING,Working,Работает
STATUS_IDLE,Idle,Простаивает
STATUS_NO_INPUT,No input,Нет сырья
STATUS_NO_INPUT_ITEMS,No input: %s,Нет сырья: %s
STATUS_OUTPUT_BLOCKED,Output blocked,Выход забит
STATUS_NO_ORE,No suitable ore,Нет подходящей руды
INPUT_GROUP_DRONE,Drone,Дрон
ACTION_MOVE_UP,Fly up,Полёт вверх
ACTION_MOVE_DOWN,Fly down,Полёт вниз
ACTION_MOVE_LEFT,Fly left,Полёт влево
ACTION_MOVE_RIGHT,Fly right,Полёт вправо
ACTION_INVENTORY,Inventory and crafting,Инвентарь и крафт
DRONE_NAME,Drone,Дрон
HUD_CREATIVE,CREATIVE,ТВОРЧЕСКИЙ
LEVELS_CREATIVE,Creative mode,Творческий режим
LEVELS_CREATIVE_HINT,Buildings are not consumed and the drone's reach is unlimited.,"Постройки не расходуются, радиус дрона не ограничен."
STAT_SLOTS,Slots: %d,Ячеек: %d
INFO_SLOTS,Slots used: %d of %d,Занято ячеек: %d из %d
PROBLEM_NO_ITEM,Not in the inventory — craft it (E or the button below),Нет в инвентаре — скрафтите (E или кнопка ниже)
PROBLEM_OUT_OF_RANGE,Too far from the drone,Слишком далеко от дрона
TOAST_NO_ITEM,No «%s» in the inventory,В инвентаре нет «%s»
TOAST_OUT_OF_RANGE,Too far from the drone,Слишком далеко от дрона
TOAST_INVENTORY_FULL,Inventory is full,Инвентарь полон
TOAST_ITEMS_LOST,Items did not fit into the inventory and were lost: %d,Не поместилось в инвентарь и потеряно предметов: %d
TOAST_CANNOT_CRAFT,Not enough materials for «%s»,Не хватает материалов для «%s»
INVENTORY_TITLE,Inventory,Инвентарь
INVENTORY_SLOTS,%d / %d slots,ячеек: %d / %d
INVENTORY_HINT,"Click a building item to take it in hand. With a storage or factory open: LMB — put a stack, RMB — half, Shift+LMB — all of this item.","Клик по постройке — взять в руку. При открытом складе или заводе: ЛКМ — положить стопку, ПКМ — половину, Shift+ЛКМ — все такие предметы."
CRAFT_TITLE,Crafting,Крафт
CRAFT_HINT,"LMB — craft 1, RMB — 5, Shift+LMB — as many as possible. Missing parts are crafted automatically.","ЛКМ — скрафтить 1, ПКМ — 5, Shift+ЛКМ — сколько хватит. Недостающие детали крафтятся автоматически."
CRAFT_INGREDIENTS,Ingredients: %s,Нужно: %s
CRAFT_TIME,Time: %.2f s,Время: %.2f с
CRAFT_IN_INVENTORY,In inventory: %d,В инвентаре: %d
CRAFT_AVAILABLE,Can craft now: %d,Можно скрафтить: %d
CRAFT_QUEUE,Crafting,Крафт
CRAFT_QUEUE_CANCEL,«%s» — click to cancel one,«%s» — клик отменяет одну
CRAFT_QUEUE_BLOCKED,inventory is full,инвентарь полон
BUILDING_WINDOW_HINT,"LMB — take a stack, RMB — half, Shift+LMB — all of this item.","ЛКМ — забрать стопку, ПКМ — половину, Shift+ЛКМ — все такие предметы."
BUILD_CRAFT,Craft,Скрафтить
BUILD_CRAFT_HINT,"LMB — 1, RMB — 5","ЛКМ — 1, ПКМ — 5"
BUILD_CRAFT_FROM,Craft:,Крафт:
BUILD_OWNED,In inventory: %d,В инвентаре: %d
BUILD_CREATIVE_FREE,Creative mode: free,Творческий режим: бесплатно
